YearStart,YearEnd,LocationAbbr,LocationDesc,DataSource,Topic,DataValueType,DataValue,DataValueAlt,LowConfidenceLimit,HighConfidenceLimit,StratificationCategory1,Stratification1,GeoLocation,ResponseID,LocationID,TopicID,QuestionID,DataValueTypeID,StratificationCategoryID1,StratificationID1
2019,2019,OR,Oregon,BRFSS,Cardiovascular Disease,Crude Prevalence,31.5,31.5,29.9,33,Overall,Overall,POINT (-120.1550313 44.56744942),,41,CVD,CVD5_0,CRDPREV,OVERALL,OVR
2019,2019,KS,Kansas,BRFSS,Cardiovascular Disease,Crude Prevalence,,,,,Race/Ethnicity,"Multiracial, non-Hispanic",POINT (-98.20078123 38.3477403),,20,CVD,CVD10_1,CRDPREV,RACE,MRC
2019,2019,MA,Massachusetts,BRFSS,Cardiovascular Disease,Crude Prevalence,,,,,Gender,Female,POINT (-72.08269067 42.27687047),,25,CVD,CVD10_1,CRDPREV,GENDER,GENF
2019,2019,AZ,Arizona,BRFSS,Cardiovascular Disease,Age-adjusted Prevalence,,,,,Race/Ethnicity,"Multiracial, non-Hispanic",POINT (-111.7638113 34.86597028),,4,CVD,CVD10_1,AGEADJPREV,RACE,MRC
2019,2019,HI,Hawaii,BRFSS,Cardiovascular Disease,Crude Prevalence,,,,,Race/Ethnicity,"White, non-Hispanic",POINT (-157.8577494 21.30485044),,15,CVD,CVD10_1,CRDPREV,RACE,WHT
2019,2019,NE,Nebraska,BRFSS,Cardiovascular Disease,Crude Prevalence,,,,,Race/Ethnicity,Hispanic,POINT (-99.36572062 41.64104099),,31,CVD,CVD10_1,CRDPREV,RACE,HIS
2019,2019,FL,Florida,BRFSS,Cardiovascular Disease,Crude Prevalence,,,,,Race/Ethnicity,"Multiracial, non-Hispanic",POINT (-81.92896054 28.93204038),,12,CVD,CVD10_1,CRDPREV,RACE,MRC
2019,2019,MD,Maryland,BRFSS,Cardiovascular Disease,Crude Prevalence,54.6,54.6,39.3,69.1,Gender,Female,POINT (-76.60926011 39.29058096),,24,CVD,CVD10_1,CRDPREV,GENDER,GENF
2019,2019,MN,Minnesota,BRFSS,Cardiovascular Disease,Crude Prevalence,46.4,46.4,35.7,57.5,Gender,Male,POINT (-94.7942005 46.35564874),,27,CVD,CVD10_1,CRDPREV,GENDER,GENM
2019,2019,LA,Louisiana,BRFSS,Cardiovascular Disease,Crude Prevalence,,,,,Race/Ethnicity,"Other, non-Hispanic",POINT (-92.44568007 31.31266064),,22,CVD,CVD10_1,CRDPREV,RACE,OTH
2019,2019,DC,District of Columbia,BRFSS,Cardiovascular Disease,Crude Prevalence,,,,,Race/Ethnicity,"Other, non-Hispanic",POINT (-77.03196113 38.89037139),,11,CVD,CVD10_1,CRDPREV,RACE,OTH
2019,2019,ID,Idaho,BRFSS,Cardiovascular Disease,Age-adjusted Prevalence,30,30,16.6,48,Overall,Overall,POINT (-114.36373 43.68263001),,16,CVD,CVD10_1,AGEADJPREV,OVERALL,OVR
2019,2019,CA,California,BRFSS,Cardiovascular Disease,Age-adjusted Prevalence,,,,,Race/Ethnicity,"Other, non-Hispanic",POINT (-120.9999995 37.63864012),,6,CVD,CVD10_1,AGEADJPREV,RACE,OTH
2019,2019,MA,Massachusetts,BRFSS,Cardiovascular Disease,Age-adjusted Prevalence,,,,,Race/Ethnicity,"Multiracial, non-Hispanic",POINT (-72.08269067 42.27687047),,25,CVD,CVD10_1,AGEADJPREV,RACE,MRC
2019,2019,MT,Montana,BRFSS,Cardiovascular Disease,Age-adjusted Prevalence,59.4,59.4,48.4,69.6,Overall,Overall,POINT (-109.4244206 47.06652897),,30,CVD,CVD10_1,AGEADJPREV,OVERALL,OVR
2019,2019,KY,Kentucky,BRFSS,Cardiovascular Disease,Age-adjusted Prevalence,51.1,51.1,36.6,65.5,Overall,Overall,POINT (-84.77497105 37.64597027),,21,CVD,CVD10_1,AGEADJPREV,OVERALL,OVR
2019,2019,FL,Florida,BRFSS,Cardiovascular Disease,Crude Prevalence,43.3,43.3,28.5,59.4,Gender,Male,POINT (-81.92896054 28.93204038),,12,CVD,CVD10_1,CRDPREV,GENDER,GENM
2019,2019,ID,Idaho,BRFSS,Cardiovascular Disease,Age-adjusted Prevalence,,,,,Gender,Female,POINT (-114.36373 43.68263001),,16,CVD,CVD10_1,AGEADJPREV,GENDER,GENF
2019,2019,MI,Michigan,BRFSS,Cardiovascular Disease,Age-adjusted Prevalence,52.1,52.1,39.2,64.7,Gender,Female,POINT (-84.71439027 44.66131954),,26,CVD,CVD10_1,AGEADJPREV,GENDER,GENF
2019,2019,CO,Colorado,BRFSS,Cardiovascular Disease,Age-adjusted Prevalence,,,,,Gender,Male,POINT (-106.1336109 38.84384076),,8,CVD,CVD10_1,AGEADJPREV,GENDER,GENM
2019,2019,AR,Arkansas,BRFSS,Cardiovascular Disease,Crude Prevalence,47.4,47.4,36,59,Overall,Overall,POINT (-92.27449074 34.74865012),,5,CVD,CVD10_1,CRDPREV,OVERALL,OVR
2019,2019,AZ,Arizona,BRFSS,Cardiovascular Disease,Age-adjusted Prevalence,,,,,Race/Ethnicity,"Black, non-Hispanic",POINT (-111.7638113 34.86597028),,4,CVD,CVD10_1,AGEADJPREV,RACE,BLK
2019,2019,OK,Oklahoma,BRFSS,Cardiovascular Disease,Crude Prevalence,73,73,67.4,78,Race/Ethnicity,"White, non-Hispanic",POINT (-97.52107021 35.47203136),,40,CVD,CVD9_2,CRDPREV,RACE,WHT
2019,2019,CO,Colorado,BRFSS,Cardiovascular Disease,Age-adjusted Prevalence,69.2,69.2,61,76.3,Gender,Male,POINT (-106.1336109 38.84384076),,8,CVD,CVD9_2,AGEADJPREV,GENDER,GENM
2019,2019,DC,District of Columbia,BRFSS,Cardiovascular Disease,Crude Prevalence,61,61,44.6,75.3,Gender,Male,POINT (-77.03196113 38.89037139),,11,CVD,CVD9_2,CRDPREV,GENDER,GENM
2019,2019,NM,New Mexico,BRFSS,Cardiovascular Disease,Crude Prevalence,,,,,Race/Ethnicity,"Black, non-Hispanic",POINT (-106.240581 34.52088095),,35,CVD,CVD9_2,CRDPREV,RACE,BLK
2019,2019,ME,Maine,BRFSS,Cardiovascular Disease,Crude Prevalence,67.6,67.6,61.3,73.4,Gender,Male,POINT (-68.98503134 45.25422889),,23,CVD,CVD9_2,CRDPREV,GENDER,GENM
2019,2019,ND,North Dakota,BRFSS,Cardiovascular Disease,Age-adjusted Prevalence,,,,,Race/Ethnicity,Hispanic,POINT (-100.118421 47.47531978),,38,CVD,CVD9_2,AGEADJPREV,RACE,HIS
2019,2019,WI,Wisconsin,BRFSS,Cardiovascular Disease,Crude Prevalence,64,64,56.1,71.1,Race/Ethnicity,"White, non-Hispanic",POINT (-89.81637074 44.39319117),,55,CVD,CVD9_2,CRDPREV,RACE,WHT
2019,2019,MO,Missouri,BRFSS,Cardiovascular Disease,Crude Prevalence,,,,,Race/Ethnicity,Hispanic,POINT (-92.56630005 38.63579078),,29,CVD,CVD9_2,CRDPREV,RACE,HIS
2019,2019,IN,Indiana,BRFSS,Cardiovascular Disease,Age-adjusted Prevalence,,,,,Race/Ethnicity,"Other, non-Hispanic",POINT (-86.14996019 39.76691045),,18,CVD,CVD9_2,AGEADJPREV,RACE,OTH
2019,2019,NV,Nevada,BRFSS,Cardiovascular Disease,Age-adjusted Prevalence,68.2,68.2,56.6,77.9,Overall,Overall,POINT (-117.0718406 39.49324039),,32,CVD,CVD9_2,AGEADJPREV,OVERALL,OVR
2019,2019,PA,Pennsylvania,BRFSS,Cardiovascular Disease,Age-adjusted Prevalence,80.9,80.9,72.8,87,Gender,Male,POINT (-77.86070029 40.79373015),,42,CVD,CVD9_2,AGEADJPREV,GENDER,GENM
2019,2019,SD,South Dakota,BRFSS,Cardiovascular Disease,Age-adjusted Prevalence,,,,,Race/Ethnicity,"Black, non-Hispanic",POINT (-100.3735306 44.35313005),,46,CVD,CVD9_2,AGEADJPREV,RACE,BLK
2019,2019,MS,Mississippi,BRFSS,Cardiovascular Disease,Crude Prevalence,,,,,Race/Ethnicity,"Other, non-Hispanic",POINT (-89.53803082 32.7455101),,28,CVD,CVD9_2,CRDPREV,RACE,OTH
2019,2019,MD,Maryland,BRFSS,Cardiovascular Disease,Age-adjusted Prevalence,70,70,60,78.3,Race/Ethnicity,"Black, non-Hispanic",POINT (-76.60926011 39.29058096),,24,CVD,CVD9_2,AGEADJPREV,RACE,BLK
2018,2018,AZ,Arizona,NVSS,Cardiovascular Disease,Number,16812,16812,,,Overall,Overall,POINT (-111.7638113 34.86597028),,4,CVD,CVD1_1,NMBR,OVERALL,OVR
2018,2018,CA,California,NVSS,Cardiovascular Disease,Number,41895,41895,,,Gender,Female,POINT (-120.9999995 37.63864012),,6,CVD,CVD1_1,NMBR,GENDER,GENF
2018,2018,WA,Washington,NVSS,Cardiovascular Disease,Number,8505,8505,,,Gender,Male,POINT (-120.4700108 47.52227863),,53,CVD,CVD1_1,NMBR,GENDER,GENM
2018,2018,HI,Hawaii,NVSS,Cardiovascular Disease,Number,127,127,,,Race/Ethnicity,Hispanic,POINT (-157.8577494 21.30485044),,15,CVD,CVD1_2,NMBR,RACE,HIS
2018,2018,LA,Louisiana,NVSS,Cardiovascular Disease,Number,6160,6160,,,Gender,Male,POINT (-92.44568007 31.31266064),,22,CVD,CVD1_2,NMBR,GENDER,GENM
2018,2018,ME,Maine,BRFSS,Cardiovascular Disease,Crude Prevalence,56.8,56.8,45.3,67.6,Race/Ethnicity,"White, non-Hispanic",POINT (-68.98503134 45.25422889),,23,CVD,CVD10_1,CRDPREV,RACE,WHT
2018,2018,ME,Maine,BRFSS,Cardiovascular Disease,Crude Prevalence,,,,,Race/Ethnicity,"Black, non-Hispanic",POINT (-100.3735306 44.35313005),,46,COPD,COPD8_0,CRDPREV,RACE,MRC
2018,2018,LA,Louisiana,BRFSS,Cardiovascular Disease,Age-adjusted Prevalence,53.1,53.1,40.7,65,Gender,Female,POINT (-92.44568007 31.31266064),,22,CVD,CVD10_1,AGEADJPREV,GENDER,GENF
2018,2018,NM,New Mexico,BRFSS,Cardiovascular Disease,Age-adjusted Prevalence,,,,,Race/Ethnicity,"Black, non-Hispanic",POINT (-106.240581 34.52088095),,35,CVD,CVD10_1,AGEADJPREV,RACE,BLK
2018,2018,DC,District of Columbia,BRFSS,Cardiovascular Disease,Age-adjusted Prevalence,,,,,Race/Ethnicity,"White, non-Hispanic",POINT (-77.03196113 38.89037139),,11,CVD,CVD10_1,AGEADJPREV,RACE,WHT
2018,2018,MN,Minnesota,BRFSS,Cardiovascular Disease,Crude Prevalence,,,,,Race/Ethnicity,"Black, non-Hispanic",POINT (-94.7942005 46.35564874),,27,CVD,CVD10_1,CRDPREV,RACE,BLK
2018,2018,DE,Delaware,BRFSS,Cardiovascular Disease,Crude Prevalence,,,,,Gender,Female,POINT (-75.57774117 39.00883067),,10,CVD,CVD10_1,CRDPREV,GENDER,GENF
2018,2018,NE,Nebraska,BRFSS,Cardiovascular Disease,Crude Prevalence,,,,,Race/Ethnicity,"Black, non-Hispanic",POINT (-99.36572062 41.64104099),,31,CVD,CVD10_1,CRDPREV,RACE,BLK
2018,2018,ID,Idaho,BRFSS,Cardiovascular Disease,Crude Prevalence,,,,,Race/Ethnicity,"Other, non-Hispanic",POINT (-114.36373 43.68263001),,16,CVD,CVD10_1,CRDPREV,RACE,OTH
2018,2018,AZ,Arizona,BRFSS,Cardiovascular Disease,Crude Prevalence,,,,,Race/Ethnicity,"Other, non-Hispanic",POINT (-111.7638113 34.86597028),,4,CVD,CVD10_1,CRDPREV,RACE,OTH
2018,2018,MS,Mississippi,BRFSS,Cardiovascular Disease,Age-adjusted Prevalence,,,,,Race/Ethnicity,"Other, non-Hispanic",POINT (-89.53803082 32.7455101),,28,CVD,CVD10_1,AGEADJPREV,RACE,OTH
2018,2018,MN,Minnesota,BRFSS,Cardiovascular Disease,Age-adjusted Prevalence,37.8,37.8,26.6,50.4,Gender,Male,POINT (-94.7942005 46.35564874),,27,CVD,CVD10_1,AGEADJPREV,GENDER,GENM
2018,2018,AK,Alaska,BRFSS,Cardiovascular Disease,Crude Prevalence,,,,,Overall,Overall,POINT (-147.722059 64.84507996),,2,CVD,CVD10_1,CRDPREV,OVERALL,OVR
2018,2018,NM,New Mexico,BRFSS,Cardiovascular Disease,Crude Prevalence,,,,,Race/Ethnicity,Hispanic,POINT (-106.240581 34.52088095),,35,CVD,CVD10_1,CRDPREV,RACE,HIS
2018,2018,AR,Arkansas,BRFSS,Cardiovascular Disease,Age-adjusted Prevalence,43.1,43.1,25.6,62.5,Race/Ethnicity,"White, non-Hispanic",POINT (-92.27449074 34.74865012),,5,CVD,CVD10_1,AGEADJPREV,RACE,WHT
2018,2018,AL,Alabama,BRFSS,Cardiovascular Disease,Age-adjusted Prevalence,60,60,44.4,73.9,Gender,Female,POINT (-86.63186076 32.84057112),,1,CVD,CVD10_1,AGEADJPREV,GENDER,GENF
2018,2018,SD,South Dakota,BRFSS,Cardiovascular Disease,Crude Prevalence,,,,,Race/Ethnicity,"Other, non-Hispanic",POINT (-100.3735306 44.35313005),,46,CVD,CVD9_2,CRDPREV,RACE,OTH
2018,2018,MT,Montana,BRFSS,Cardiovascular Disease,Crude Prevalence,,,,,Race/Ethnicity,"Multiracial, non-Hispanic",POINT (-109.4244206 47.06652897),,30,CVD,CVD9_2,CRDPREV,RACE,MRC
2018,2018,SC,South Carolina,BRFSS,Cardiovascular Disease,Crude Prevalence,,,,,Race/Ethnicity,"Multiracial, non-Hispanic",POINT (-81.04537121 33.9988213),,45,CVD,CVD9_2,CRDPREV,RACE,MRC
2018,2018,SC,South Carolina,BRFSS,Cardiovascular Disease,Crude Prevalence,59.4,59.4,52.7,65.9,Gender,Female,POINT (-81.04537121 33.9988213),,45,CVD,CVD9_2,CRDPREV,GENDER,GENF
2018,2018,FL,Florida,BRFSS,Cardiovascular Disease,Age-adjusted Prevalence,57.6,57.6,49.1,65.7,Gender,Male,POINT (-81.92896054 28.93204038),,12,CVD,CVD9_2,AGEADJPREV,GENDER,GENM
2018,2018,TX,Texas,BRFSS,Cardiovascular Disease,Crude Prevalence,,,,,Race/Ethnicity,"Multiracial, non-Hispanic",POINT (-99.42677021 31.82724041),,48,CVD,CVD9_2,CRDPREV,RACE,MRC
2018,2018,MA,Massachusetts,BRFSS,Cardiovascular Disease,Age-adjusted Prevalence,51.2,51.2,43.5,58.9,Race/Ethnicity,"White, non-Hispanic",POINT (-72.08269067 42.27687047),,25,CVD,CVD9_2,AGEADJPREV,RACE,WHT
2018,2018,GU,Guam,BRFSS,Cardiovascular Disease,Crude Prevalence,,,,,Race/Ethnicity,Hispanic,POINT (144.793731 13.444304),,66,CVD,CVD9_2,CRDPREV,RACE,HIS
2018,2018,VA,Virginia,BRFSS,Cardiovascular Disease,Age-adjusted Prevalence,62,62,56.1,67.5,Race/Ethnicity,"White, non-Hispanic",POINT (-78.45789046 37.54268067),,51,CVD,CVD9_2,AGEADJPREV,RACE,WHT
2018,2018,CT,Connecticut,BRFSS,Cardiovascular Disease,Age-adjusted Prevalence,,,,,Race/Ethnicity,"Other, non-Hispanic",POINT (-72.64984095 41.56266102),,9,CVD,CVD9_2,AGEADJPREV,RACE,OTH
2018,2018,MS,Mississippi,BRFSS,Cardiovascular Disease,Age-adjusted Prevalence,67.5,67.5,61.3,73.1,Overall,Overall,POINT (-89.53803082 32.7455101),,28,CVD,CVD9_2,AGEADJPREV,OVERALL,OVR
2018,2018,ND,North Dakota,BRFSS,Cardiovascular Disease,Crude Prevalence,,,,,Race/Ethnicity,Hispanic,POINT (-100.118421 47.47531978),,38,CVD,CVD9_2,CRDPREV,RACE,HIS
2018,2018,TN,Tennessee,BRFSS,Cardiovascular Disease,Crude Prevalence,53.6,53.6,46.2,60.9,Overall,Overall,POINT (-85.77449091 35.68094058),,47,CVD,CVD9_2,CRDPREV,OVERALL,OVR
2018,2018,GA,Georgia,BRFSS,Cardiovascular Disease,Crude Prevalence,57.6,57.6,49.4,65.4,Gender,Female,POINT (-83.62758035 32.83968109),,13,CVD,CVD9_2,CRDPREV,GENDER,GENF
2018,2018,LA,Louisiana,BRFSS,Cardiovascular Disease,Crude Prevalence,40.9,40.9,30.4,52.2,Gender,Female,POINT (-92.44568007 31.31266064),,22,CVD,CVD9_2,CRDPREV,GENDER,GENF
2018,2018,NJ,New Jersey,BRFSS,Cardiovascular Disease,Age-adjusted Prevalence,,,,,Race/Ethnicity,Hispanic,POINT (-74.27369129 40.13057005),,34,CVD,CVD9_2,AGEADJPREV,RACE,HIS
2018,2018,MI,Michigan,BRFSS,Cardiovascular Disease,Age-adjusted Prevalence,,,,,Race/Ethnicity,Hispanic,POINT (-84.71439027 44.66131954),,26,CVD,CVD9_2,AGEADJPREV,RACE,HIS
2017,2017,AL,Alabama,State Inpatient Data,Cardiovascular Disease,Number,,,,,Overall,Overall,POINT (-86.63186076 32.84057112),,1,CVD,CVD3_1,NMBR,OVERALL,OVR
2017,2017,PA,Pennsylvania,BRFSS,Cardiovascular Disease,Crude Prevalence,89.9,89.9,88.2,91.3,Gender,Male,POINT (-77.86070029 40.79373015),,42,CVD,CVD4_0,CRDPREV,GENDER,GENM
2017,2017,GA,Georgia,BRFSS,Cardiovascular Disease,Crude Prevalence,29.5,29.5,28.1,31,Overall,Overall,POINT (-83.62758035 32.83968109),,13,CVD,CVD5_0,CRDPREV,OVERALL,OVR
2017,2017,ID,Idaho,BRFSS,Cardiovascular Disease,Age-adjusted Prevalence,23.9,23.9,21.7,26.2,Gender,Female,POINT (-114.36373 43.68263001),,16,CVD,CVD5_0,AGEADJPREV,GENDER,GENF
2017,2017,NM,New Mexico,BRFSS,Cardiovascular Disease,Crude Prevalence,29.8,29.8,28.2,31.4,Overall,Overall,POINT (-106.240581 34.52088095),,35,CVD,CVD5_0,CRDPREV,OVERALL,OVR
2017,2017,WY,Wyoming,BRFSS,Cardiovascular Disease,Crude Prevalence,9.9,9.9,7.6,13,Overall,Overall,POINT (-108.1098304 43.23554134),,56,CVD,CVD6_2,CRDPREV,OVERALL,OVR
2017,2017,US,United States,NVSS,Cardiovascular Disease,Number,859125,859125,,,Overall,Overall,,,59,CVD,CVD1_1,NMBR,OVERALL,OVR
2017,2017,AZ,Arizona,NVSS,Cardiovascular Disease,Number,7047,7047,,,Gender,Male,POINT (-111.7638113 34.86597028),,4,CVD,CVD1_2,NMBR,GENDER,GENM
2017,2017,IA,Iowa,NVSS,Cardiovascular Disease,Number,3728,3728,,,Gender,Male,POINT (-93.81649056 42.46940091),,19,CVD,CVD1_2,NMBR,GENDER,GENM
2017,2017,HI,Hawaii,NVSS,Cardiovascular Disease,Number,1133,1133,,,Overall,Overall,POINT (-157.8577494 21.30485044),,15,CVD,CVD1_4,NMBR,OVERALL,OVR
2017,2017,MN,Minnesota,NVSS,Cardiovascular Disease,Number,7167,7167,,,Overall,Overall,POINT (-94.7942005 46.35564874),,27,CVD,CVD1_4,NMBR,OVERALL,OVR
2017,2017,AL,Alabama,State Inpatient Data,Cardiovascular Disease,Number,,,,,Overall,Overall,POINT (-86.63186076 32.84057112),,1,CVD,CVD3_1,NMBR,OVERALL,OVR
2017,2017,AR,Arkansas,BRFSS,Cardiovascular Disease,Crude Prevalence,,,,,Race/Ethnicity,"Multiracial, non-Hispanic",POINT (-92.27449074 34.74865012),,5,CVD,CVD10_1,CRDPREV,RACE,MRC
2017,2017,MO,Missouri,BRFSS,Cardiovascular Disease,Age-adjusted Prevalence,35.9,35.9,25.9,47.3,Race/Ethnicity,"White, non-Hispanic",POINT (-92.56630005 38.63579078),,29,CVD,CVD10_1,AGEADJPREV,RACE,WHT
2017,2017,GA,Georgia,BRFSS,Cardiovascular Disease,Age-adjusted Prevalence,,,,,Race/Ethnicity,Hispanic,POINT (-83.62758035 32.83968109),,13,CVD,CVD10_1,AGEADJPREV,RACE,HIS
2017,2017,MD,Maryland,BRFSS,Cardiovascular Disease,Crude Prevalence,57.5,57.5,40.9,72.6,Gender,Female,POINT (-76.60926011 39.29058096),,24,CVD,CVD10_1,CRDPREV,GENDER,GENF
2017,2017,ME,Maine,BRFSS,Cardiovascular Disease,Age-adjusted Prevalence,33,33,19.9,49.5,Gender,Male,POINT (-68.98503134 45.25422889),,23,CVD,CVD10_1,AGEADJPREV,GENDER,GENM
2017,2017,FL,Florida,BRFSS,Cardiovascular Disease,Age-adjusted Prevalence,,,,,Race/Ethnicity,"Other, non-Hispanic",POINT (-81.92896054 28.93204038),,12,CVD,CVD10_1,AGEADJPREV,RACE,OTH
2017,2017,MI,Michigan,BRFSS,Cardiovascular Disease,Age-adjusted Prevalence,43.7,43.7,27.6,61.3,Gender,Female,POINT (-84.71439027 44.66131954),,26,CVD,CVD10_1,AGEADJPREV,GENDER,GENF
2017,2017,KY,Kentucky,BRFSS,Cardiovascular Disease,Age-adjusted Prevalence,50.6,50.6,34.2,66.9,Overall,Overall,POINT (-84.77497105 37.64597027),,21,CVD,CVD10_1,AGEADJPREV,OVERALL,OVR
2017,2017,MT,Montana,BRFSS,Cardiovascular Disease,Crude Prevalence,,,,,Gender,Female,POINT (-109.4244206 47.06652897),,30,CVD,CVD10_1,CRDPREV,GENDER,GENF
2017,2017,LA,Louisiana,BRFSS,Cardiovascular Disease,Age-adjusted Prevalence,,,,,Race/Ethnicity,"Black, non-Hispanic",POINT (-92.44568007 31.31266064),,22,CVD,CVD10_1,AGEADJPREV,RACE,BLK
2017,2017,LA,Louisiana,BRFSS,Cardiovascular Disease,Crude Prevalence,53.8,53.8,41.8,65.4,Overall,Overall,POINT (-92.44568007 31.31266064),,22,CVD,CVD10_1,CRDPREV,OVERALL,OVR
2017,2017,IA,Iowa,BRFSS,Cardiovascular Disease,Crude Prevalence,,,,,Race/Ethnicity,"Black, non-Hispanic",POINT (-93.81649056 42.46940091),,19,CVD,CVD10_1,CRDPREV,RACE,BLK
2017,2017,NV,Nevada,BRFSS,Cardiovascular Disease,Age-adjusted Prevalence,,,,,Race/Ethnicity,"Multiracial, non-Hispanic",POINT (-117.0718406 39.49324039),,32,CVD,CVD10_1,AGEADJPREV,RACE,MRC
2017,2017,NM,New Mexico,BRFSS,Cardiovascular Disease,Age-adjusted Prevalence,,,,,Gender,Male,POINT (-106.240581 34.52088095),,35,CVD,CVD10_1,AGEADJPREV,GENDER,GENM
2017,2017,MN,Minnesota,BRFSS,Cardiovascular Disease,Age-adjusted Prevalence,,,,,Race/Ethnicity,"Black, non-Hispanic",POINT (-94.7942005 46.35564874),,27,CVD,CVD10_1,AGEADJPREV,RACE,BLK
2017,2017,KS,Kansas,BRFSS,Cardiovascular Disease,Crude Prevalence,,,,,Race/Ethnicity,"Multiracial, non-Hispanic",POINT (-98.20078123 38.3477403),,20,CVD,CVD10_1,CRDPREV,RACE,MRC
2017,2017,MD,Maryland,BRFSS,Cardiovascular Disease,Age-adjusted Prevalence,,,,,Race/Ethnicity,"Multiracial, non-Hispanic",POINT (-76.60926011 39.29058096),,24,CVD,CVD10_1,AGEADJPREV,RACE,MRC
2017,2017,OH,Ohio,BRFSS,Cardiovascular Disease,Crude Prevalence,54,54,42.5,65.1,Gender,Male,POINT (-82.40426006 40.06021014),,39,CVD,CVD10_1,CRDPREV,GENDER,GENM
2017,2017,CO,Colorado,BRFSS,Cardiovascular Disease,Age-adjusted Prevalence,23.3,23.3,14.1,35.9,Gender,Male,POINT (-106.1336109 38.84384076),,8,CVD,CVD10_1,AGEADJPREV,GENDER,GENM
2017,2017,AZ,Arizona,BRFSS,Cardiovascular Disease,Crude Prevalence,,,,,Race/Ethnicity,"Multiracial, non-Hispanic",POINT (-111.7638113 34.86597028),,4,CVD,CVD10_1,CRDPREV,RACE,MRC
2017,2017,NJ,New Jersey,BRFSS,Cardiovascular Disease,Age-adjusted Prevalence,,,,,Race/Ethnicity,"Multiracial, non-Hispanic",POINT (-74.27369129 40.13057005),,34,CVD,CVD10_1,AGEADJPREV,RACE,MRC
2017,2017,KY,Kentucky,BRFSS,Cardiovascular Disease,Crude Prevalence,,,,,Race/Ethnicity,Hispanic,POINT (-84.77497105 37.64597027),,21,CVD,CVD9_2,CRDPREV,RACE,HIS
2017,2017,MA,Massachusetts,BRFSS,Cardiovascular Disease,Crude Prevalence,61,61,50.7,70.4,Race/Ethnicity,"White, non-Hispanic",POINT (-72.08269067 42.27687047),,25,CVD,CVD9_2,CRDPREV,RACE,WHT
2017,2017,NM,New Mexico,BRFSS,Cardiovascular Disease,Age-adjusted Prevalence,,,,,Race/Ethnicity,"Multiracial, non-Hispanic",POINT (-106.240581 34.52088095),,35,CVD,CVD9_2,AGEADJPREV,RACE,MRC
2017,2017,IN,Indiana,BRFSS,Cardiovascular Disease,Crude Prevalence,46.6,46.6,30.5,63.5,Race/Ethnicity,"Black, non-Hispanic",POINT (-86.14996019 39.76691045),,18,CVD,CVD9_2,CRDPREV,RACE,BLK
2017,2017,GU,Guam,BRFSS,Cardiovascular Disease,Crude Prevalence,,,,,Race/Ethnicity,"White, non-Hispanic",POINT (144.793731 13.444304),,66,CVD,CVD9_2,CRDPREV,RACE,WHT
2017,2017,UT,Utah,BRFSS,Cardiovascular Disease,Crude Prevalence,,,,,Race/Ethnicity,Hispanic,POINT (-111.5871306 39.36070017),,49,CVD,CVD9_2,CRDPREV,RACE,HIS
2017,2017,MT,Montana,BRFSS,Cardiovascular Disease,Age-adjusted Prevalence,,,,,Race/Ethnicity,Hispanic,POINT (-109.4244206 47.06652897),,30,CVD,CVD9_2,AGEADJPREV,RACE,HIS
2017,2017,ME,Maine,BRFSS,Cardiovascular Disease,Crude Prevalence,63.9,63.9,55.7,71.4,Gender,Male,POINT (-68.98503134 45.25422889),,23,CVD,CVD9_2,CRDPREV,GENDER,GENM
2017,2017,NH,New Hampshire,BRFSS,Cardiovascular Disease,Age-adjusted Prevalence,72.5,72.5,63.8,79.8,Gender,Male,POINT (-71.50036092 43.65595011),,33,CVD,CVD9_2,AGEADJPREV,GENDER,GENM
2017,2017,TN,Tennessee,BRFSS,Cardiovascular Disease,Age-adjusted Prevalence,53,53,45.8,60,Overall,Overall,POINT (-85.77449091 35.68094058),,47,CVD,CVD9_2,AGEADJPREV,OVERALL,OVR
2017,2017,TX,Texas,BRFSS,Cardiovascular Disease,Crude Prevalence,56.6,56.6,42.5,69.7,Gender,Female,POINT (-99.42677021 31.82724041),,48,CVD,CVD9_2,CRDPREV,GENDER,GENF
2016,2016,NJ,New Jersey,State Inpatient Data,Cardiovascular Disease,Number,10892,10892,,,Gender,Male,POINT (-74.27369129 40.13057005),,34,CVD,CVD3_1,NMBR,GENDER,GENM
2016,2016,UT,Utah,State Inpatient Data,Cardiovascular Disease,Number,,,,,Race/Ethnicity,Hispanic,POINT (-111.5871306 39.36070017),,49,CVD,CVD3_1,NMBR,RACE,HIS
2016,2016,GU,Guam,State Inpatient Data,Cardiovascular Disease,Number,,,,,Gender,Male,POINT (144.793731 13.444304),,66,CVD,CVD3_1,NMBR,GENDER,GENM
2016,2016,ME,Maine,State Inpatient Data,Cardiovascular Disease,Number,1618,1618,,,Gender,Female,POINT (-68.98503134 45.25422889),,23,CVD,CVD3_2,NMBR,GENDER,GENF
2016,2016,AL,Alabama,NVSS,Cardiovascular Disease,Number,42,42,,,Race/Ethnicity,Hispanic,POINT (-86.63186076 32.84057112),,1,CVD,CVD1_2,NMBR,RACE,HIS
2016,2016,NJ,New Jersey,State Inpatient Data,Cardiovascular Disease,Number,10892,10892,,,Gender,Male,POINT (-74.27369129 40.13057005),,34,CVD,CVD3_1,NMBR,GENDER,GENM
2016,2016,UT,Utah,State Inpatient Data,Cardiovascular Disease,Number,,,,,Race/Ethnicity,Hispanic,POINT (-111.5871306 39.36070017),,49,CVD,CVD3_1,NMBR,RACE,HIS
2016,2016,GU,Guam,State Inpatient Data,Cardiovascular Disease,Number,,,,,Gender,Male,POINT (144.793731 13.444304),,66,CVD,CVD3_1,NMBR,GENDER,GENM
2016,2016,MI,Michigan,BRFSS,Cardiovascular Disease,Crude Prevalence,43.2,43.2,35.6,51.1,Gender,Male,POINT (-84.71439027 44.66131954),,26,CVD,CVD10_1,CRDPREV,GENDER,GENM
2016,2016,NH,New Hampshire,BRFSS,Cardiovascular Disease,Crude Prevalence,59.1,59.1,48.5,68.8,Overall,Overall,POINT (-71.50036092 43.65595011),,33,CVD,CVD10_1,CRDPREV,OVERALL,OVR
2016,2016,CO,Colorado,BRFSS,Cardiovascular Disease,Crude Prevalence,,,,,Race/Ethnicity,"Black, non-Hispanic",POINT (-106.1336109 38.84384076),,8,CVD,CVD10_1,CRDPREV,RACE,BLK
2016,2016,AR,Arkansas,BRFSS,Cardiovascular Disease,Age-adjusted Prevalence,,,,,Race/Ethnicity,"Multiracial, non-Hispanic",POINT (-92.27449074 34.74865012),,5,CVD,CVD10_1,AGEADJPREV,RACE,MRC
2016,2016,DC,District of Columbia,BRFSS,Cardiovascular Disease,Age-adjusted Prevalence,,,,,Race/Ethnicity,"Other, non-Hispanic",POINT (-77.03196113 38.89037139),,11,CVD,CVD10_1,AGEADJPREV,RACE,OTH
2016,2016,ME,Maine,BRFSS,Cardiovascular Disease,Crude Prevalence,,,,,Race/Ethnicity,Hispanic,POINT (-68.98503134 45.25422889),,23,CVD,CVD10_1,CRDPREV,RACE,HIS
2016,2016,MN,Minnesota,BRFSS,Cardiovascular Disease,Crude Prevalence,,,,,Race/Ethnicity,"Other, non-Hispanic",POINT (-94.7942005 46.35564874),,27,CVD,CVD10_1,CRDPREV,RACE,OTH
2016,2016,NE,Nebraska,BRFSS,Cardiovascular Disease,Crude Prevalence,35,35,26.5,44.6,Gender,Male,POINT (-99.36572062 41.64104099),,31,CVD,CVD10_1,CRDPREV,GENDER,GENM
2016,2016,MN,Minnesota,BRFSS,Cardiovascular Disease,Age-adjusted Prevalence,46.6,46.6,35.2,58.4,Gender,Male,POINT (-94.7942005 46.35564874),,27,CVD,CVD10_1,AGEADJPREV,GENDER,GENM
2016,2016,KY,Kentucky,BRFSS,Cardiovascular Disease,Crude Prevalence,51.4,51.4,44,58.8,Overall,Overall,POINT (-84.77497105 37.64597027),,21,CVD,CVD10_1,CRDPREV,OVERALL,OVR
2016,2016,MO,Missouri,BRFSS,Cardiovascular Disease,Crude Prevalence,46.9,46.9,37,57,Race/Ethnicity,"White, non-Hispanic",POINT (-92.56630005 38.63579078),,29,CVD,CVD10_1,CRDPREV,RACE,WHT
2016,2016,ID,Idaho,BRFSS,Cardiovascular Disease,Crude Prevalence,,,,,Race/Ethnicity,"Other, non-Hispanic",POINT (-114.36373 43.68263001),,16,CVD,CVD10_1,CRDPREV,RACE,OTH
2016,2016,GA,Georgia,BRFSS,Cardiovascular Disease,Crude Prevalence,,,,,Race/Ethnicity,Hispanic,POINT (-83.62758035 32.83968109),,13,CVD,CVD10_1,CRDPREV,RACE,HIS
2016,2016,ID,Idaho,BRFSS,Cardiovascular Disease,Age-adjusted Prevalence,,,,,Race/Ethnicity,"Black, non-Hispanic",POINT (-114.36373 43.68263001),,16,CVD,CVD10_1,AGEADJPREV,RACE,BLK
2016,2016,KS,Kansas,BRFSS,Cardiovascular Disease,Crude Prevalence,,,,,Race/Ethnicity,Hispanic,POINT (-98.20078123 38.3477403),,20,CVD,CVD10_1,CRDPREV,RACE,HIS
2016,2016,MI,Michigan,BRFSS,Cardiovascular Disease,Crude Prevalence,,,,,Race/Ethnicity,"Other, non-Hispanic",POINT (-84.71439027 44.66131954),,26,CVD,CVD10_1,CRDPREV,RACE,OTH
2016,2016,NJ,New Jersey,BRFSS,Cardiovascular Disease,Crude Prevalence,,,,,Race/Ethnicity,Hispanic,POINT (-74.27369129 40.13057005),,34,CVD,CVD10_1,CRDPREV,RACE,HIS
2016,2016,MT,Montana,BRFSS,Cardiovascular Disease,Age-adjusted Prevalence,,,,,Race/Ethnicity,"Multiracial, non-Hispanic",POINT (-109.4244206 47.06652897),,30,CVD,CVD10_1,AGEADJPREV,RACE,MRC
2016,2016,NM,New Mexico,BRFSS,Cardiovascular Disease,Crude Prevalence,56.4,56.4,38,73.2,Race/Ethnicity,Hispanic,POINT (-106.240581 34.52088095),,35,CVD,CVD10_1,CRDPREV,RACE,HIS
2016,2016,VI,Virgin Islands,BRFSS,Cardiovascular Disease,Crude Prevalence,,,,,Overall,Overall,POINT (-64.896335 18.335765),,78,CVD,CVD9_2,CRDPREV,OVERALL,OVR
2016,2016,SC,South Carolina,BRFSS,Cardiovascular Disease,Crude Prevalence,66.1,66.1,62.1,69.9,Overall,Overall,POINT (-81.04537121 33.9988213),,45,CVD,CVD9_2,CRDPREV,OVERALL,OVR
2016,2016,US,United States,BRFSS,Cardiovascular Disease,Age-adjusted Prevalence,60.1,60.1,58.8,63.4,Gender,Female,,,59,CVD,CVD9_2,AGEADJPREV,GENDER,GENF
2016,2016,ND,North Dakota,BRFSS,Cardiovascular Disease,Crude Prevalence,64,64,58.4,69.2,Race/Ethnicity,"White, non-Hispanic",POINT (-100.118421 47.47531978),,38,CVD,CVD9_2,CRDPREV,RACE,WHT
2016,2016,PR,Puerto Rico,BRFSS,Cardiovascular Disease,Age-adjusted Prevalence,,,,,Race/Ethnicity,"White, non-Hispanic",POINT (-66.590149 18.220833),,72,CVD,CVD9_2,AGEADJPREV,RACE,WHT
2016,2016,WI,Wisconsin,BRFSS,Cardiovascular Disease,Age-adjusted Prevalence,,,,,Race/Ethnicity,"Multiracial, non-Hispanic",POINT (-89.81637074 44.39319117),,55,CVD,CVD9_2,AGEADJPREV,RACE,MRC
2016,2016,OR,Oregon,BRFSS,Cardiovascular Disease,Crude Prevalence,56,56,47.5,64.2,Gender,Male,POINT (-120.1550313 44.56744942),,41,CVD,CVD9_2,CRDPREV,GENDER,GENM
2016,2016,SD,South Dakota,BRFSS,Cardiovascular Disease,Age-adjusted Prevalence,66.1,66.1,53.8,76.6,Gender,Male,POINT (-100.3735306 44.35313005),,46,CVD,CVD9_2,AGEADJPREV,GENDER,GENM
2016,2016,GU,Guam,BRFSS,Cardiovascular Disease,Crude Prevalence,36.4,36.4,22.4,53.2,Overall,Overall,POINT (144.793731 13.444304),,66,CVD,CVD9_2,CRDPREV,OVERALL,OVR
2016,2016,GU,Guam,BRFSS,Cardiovascular Disease,Age-adjusted Prevalence,,,,,Gender,Female,POINT (144.793731 13.444304),,66,CVD,CVD9_2,AGEADJPREV,GENDER,GENF
2016,2016,MS,Mississippi,BRFSS,Cardiovascular Disease,Age-adjusted Prevalence,70.5,70.5,64.5,75.9,Overall,Overall,POINT (-89.53803082 32.7455101),,28,CVD,CVD9_2,AGEADJPREV,OVERALL,OVR
2016,2016,GU,Guam,BRFSS,Cardiovascular Disease,Age-adjusted Prevalence,,,,,Race/Ethnicity,"Black, non-Hispanic",POINT (144.793731 13.444304),,66,CVD,CVD9_2,AGEADJPREV,RACE,BLK
2015,2015,MT,Montana,BRFSS,Cardiovascular Disease,Crude Prevalence,82.4,82.4,80,84.7,Gender,Female,POINT (-109.4244206 47.06652897),,30,CVD,CVD4_0,CRDPREV,GENDER,GENF
2015,2015,VA,Virginia,BRFSS,Cardiovascular Disease,Crude Prevalence,83.6,83.6,82.3,84.8,Overall,Overall,POINT (-78.45789046 37.54268067),,51,CVD,CVD4_0,CRDPREV,OVERALL,OVR
2015,2015,CO,Colorado,BRFSS,Cardiovascular Disease,Crude Prevalence,29.5,29.5,27.9,31.1,Gender,Female,POINT (-106.1336109 38.84384076),,8,CVD,CVD5_0,CRDPREV,GENDER,GENF
2015,2015,VT,Vermont,BRFSS,Cardiovascular Disease,Crude Prevalence,9.6,9.6,7.6,12.1,Overall,Overall,POINT (-72.51764079 43.62538124),,50,CVD,CVD6_2,CRDPREV,OVERALL,OVR
2015,2015,FL,Florida,NVSS,Cardiovascular Disease,Number,34531,34531,,,Race/Ethnicity,"White, non-Hispanic",POINT (-81.92896054 28.93204038),,12,CVD,CVD1_2,NMBR,RACE,WHT
2015,2015,HI,Hawaii,NVSS,Cardiovascular Disease,Number,1461,1461,,,Gender,Male,POINT (-157.8577494 21.30485044),,15,CVD,CVD1_2,NMBR,GENDER,GENM
2015,2015,LA,Louisiana,NVSS,Cardiovascular Disease,Number,10665,10665,,,Overall,Overall,POINT (-92.44568007 31.31266064),,22,CVD,CVD1_2,NMBR,OVERALL,OVR
2015,2015,AK,Alaska,NVSS,Cardiovascular Disease,Number,194,194,,,Gender,Female,POINT (-147.722059 64.84507996),,2,CVD,CVD1_4,NMBR,GENDER,GENF
2015,2015,MO,Missouri,NVSS,Cardiovascular Disease,Number,7477,7477,,,Overall,Overall,POINT (-92.56630005 38.63579078),,29,CVD,CVD1_4,NMBR,OVERALL,OVR
2015,2015,NJ,New Jersey,BRFSS,Cardiovascular Disease,Crude Prevalence,,,,,Race/Ethnicity,"Other, non-Hispanic",POINT (-74.27369129 40.13057005),,34,CVD,CVD10_1,CRDPREV,RACE,OTH
2015,2015,ME,Maine,BRFSS,Cardiovascular Disease,Age-adjusted Prevalence,51.6,51.6,38.4,64.6,Gender,Male,POINT (-68.98503134 45.25422889),,23,CVD,CVD10_1,AGEADJPREV,GENDER,GENM
2015,2015,AL,Alabama,BRFSS,Cardiovascular Disease,Age-adjusted Prevalence,,,,,Race/Ethnicity,"Multiracial, non-Hispanic",POINT (-86.63186076 32.84057112),,1,CVD,CVD10_1,AGEADJPREV,RACE,MRC
2015,2015,HI,Hawaii,BRFSS,Cardiovascular Disease,Age-adjusted Prevalence,,,,,Race/Ethnicity,"Black, non-Hispanic",POINT (-157.8577494 21.30485044),,15,CVD,CVD10_1,AGEADJPREV,RACE,BLK
2015,2015,NJ,New Jersey,BRFSS,Cardiovascular Disease,Age-adjusted Prevalence,,,,,Race/Ethnicity,"Black, non-Hispanic",POINT (-74.27369129 40.13057005),,34,CVD,CVD10_1,AGEADJPREV,RACE,BLK
2015,2015,NV,Nevada,BRFSS,Cardiovascular Disease,Age-adjusted Prevalence,,,,,Race/Ethnicity,"Other, non-Hispanic",POINT (-117.0718406 39.49324039),,32,CVD,CVD10_1,AGEADJPREV,RACE,OTH
2015,2015,NH,New Hampshire,BRFSS,Cardiovascular Disease,Age-adjusted Prevalence,,,,,Race/Ethnicity,"Black, non-Hispanic",POINT (-71.50036092 43.65595011),,33,CVD,CVD10_1,AGEADJPREV,RACE,BLK
2015,2015,MS,Mississippi,BRFSS,Cardiovascular Disease,Crude Prevalence,,,,,Race/Ethnicity,"Multiracial, non-Hispanic",POINT (-89.53803082 32.7455101),,28,CVD,CVD10_1,CRDPREV,RACE,MRC
2015,2015,NC,North Carolina,BRFSS,Cardiovascular Disease,Crude Prevalence,56.6,56.6,48.4,64.4,Overall,Overall,POINT (-79.15925046 35.46622098),,37,CVD,CVD10_1,CRDPREV,OVERALL,OVR
2015,2015,AR,Arkansas,BRFSS,Cardiovascular Disease,Crude Prevalence,36.6,36.6,22.8,52.9,Gender,Male,POINT (-92.27449074 34.74865012),,5,CVD,CVD10_1,CRDPREV,GENDER,GENM
2015,2015,NY,New York,BRFSS,Cardiovascular Disease,Age-adjusted Prevalence,,,,,Race/Ethnicity,"Black, non-Hispanic",POINT (-75.54397043 42.82700103),,36,CVD,CVD10_1,AGEADJPREV,RACE,BLK
2015,2015,MN,Minnesota,BRFSS,Cardiovascular Disease,Crude Prevalence,40.6,40.6,34.2,47.2,Race/Ethnicity,"White, non-Hispanic",POINT (-94.7942005 46.35564874),,27,CVD,CVD10_1,CRDPREV,RACE,WHT
2015,2015,HI,Hawaii,BRFSS,Cardiovascular Disease,Crude Prevalence,,,,,Race/Ethnicity,"Black, non-Hispanic",POINT (-157.8577494 21.30485044),,15,CVD,CVD10_1,CRDPREV,RACE,BLK
2015,2015,CT,Connecticut,BRFSS,Cardiovascular Disease,Age-adjusted Prevalence,46.6,46.6,30.9,63,Race/Ethnicity,"White, non-Hispanic",POINT (-72.64984095 41.56266102),,9,CVD,CVD10_1,AGEADJPREV,RACE,WHT
2015,2015,NM,New Mexico,BRFSS,Cardiovascular Disease,Age-adjusted Prevalence,29.5,29.5,22.1,38.1,Overall,Overall,POINT (-106.240581 34.52088095),,35,CVD,CVD10_1,AGEADJPREV,OVERALL,OVR
2015,2015,MS,Mississippi,BRFSS,Cardiovascular Disease,Crude Prevalence,54.4,54.4,43.5,64.9,Race/Ethnicity,"White, non-Hispanic",POINT (-89.53803082 32.7455101),,28,CVD,CVD10_1,CRDPREV,RACE,WHT
2015,2015,IA,Iowa,BRFSS,Cardiovascular Disease,Crude Prevalence,,,,,Race/Ethnicity,Hispanic,POINT (-93.81649056 42.46940091),,19,CVD,CVD10_1,CRDPREV,RACE,HIS
2015,2015,IL,Illinois,BRFSS,Cardiovascular Disease,Age-adjusted Prevalence,,,,,Race/Ethnicity,"Other, non-Hispanic",POINT (-88.99771018 40.48501028),,17,CVD,CVD10_1,AGEADJPREV,RACE,OTH
2015,2015,MD,Maryland,BRFSS,Cardiovascular Disease,Age-adjusted Prevalence,,,,,Race/Ethnicity,"Other, non-Hispanic",POINT (-76.60926011 39.29058096),,24,CVD,CVD10_1,AGEADJPREV,RACE,OTH
2015,2015,FL,Florida,BRFSS,Cardiovascular Disease,Crude Prevalence,43.9,43.9,33.3,55.1,Gender,Male,POINT (-81.92896054 28.93204038),,12,CVD,CVD10_1,CRDPREV,GENDER,GENM
2015,2015,MN,Minnesota,BRFSS,Cardiovascular Disease,Crude Prevalence,40.7,40.7,33.1,48.7,Gender,Male,POINT (-94.7942005 46.35564874),,27,CVD,CVD10_1,CRDPREV,GENDER,GENM
2015,2015,LA,Louisiana,BRFSS,Cardiovascular Disease,Crude Prevalence,41.7,41.7,25.9,59.5,Race/Ethnicity,"Black, non-Hispanic",POINT (-92.44568007 31.31266064),,22,CVD,CVD10_1,CRDPREV,RACE,BLK
2015,2015,TX,Texas,BRFSS,Cardiovascular Disease,Crude Prevalence,65.3,65.3,59.3,70.8,Overall,Overall,POINT (-99.42677021 31.82724041),,48,CVD,CVD9_2,CRDPREV,OVERALL,OVR
2015,2015,OR,Oregon,BRFSS,Cardiovascular Disease,Age-adjusted Prevalence,,,,,Race/Ethnicity,"Multiracial, non-Hispanic",POINT (-120.1550313 44.56744942),,41,CVD,CVD9_2,AGEADJPREV,RACE,MRC
2015,2015,NE,Nebraska,BRFSS,Cardiovascular Disease,Age-adjusted Prevalence,,,,,Race/Ethnicity,"Multiracial, non-Hispanic",POINT (-99.36572062 41.64104099),,31,CVD,CVD9_2,AGEADJPREV,RACE,MRC
2015,2015,DC,District of Columbia,BRFSS,Cardiovascular Disease,Age-adjusted Prevalence,,,,,Race/Ethnicity,"Multiracial, non-Hispanic",POINT (-77.03196113 38.89037139),,11,CVD,CVD9_2,AGEADJPREV,RACE,MRC
2015,2015,ND,North Dakota,BRFSS,Cardiovascular Disease,Crude Prevalence,,,,,Race/Ethnicity,"Multiracial, non-Hispanic",POINT (-100.118421 47.47531978),,38,CVD,CVD9_2,CRDPREV,RACE,MRC
2015,2015,UT,Utah,BRFSS,Cardiovascular Disease,Crude Prevalence,,,,,Race/Ethnicity,"Multiracial, non-Hispanic",POINT (-111.5871306 39.36070017),,49,CVD,CVD9_2,CRDPREV,RACE,MRC
2015,2015,VA,Virginia,BRFSS,Cardiovascular Disease,Crude Prevalence,65,65,59.1,70.5,Overall,Overall,POINT (-78.45789046 37.54268067),,51,CVD,CVD9_2,CRDPREV,OVERALL,OVR
2015,2015,NM,New Mexico,BRFSS,Cardiovascular Disease,Crude Prevalence,,,,,Race/Ethnicity,"Multiracial, non-Hispanic",POINT (-106.240581 34.52088095),,35,CVD,CVD9_2,CRDPREV,RACE,MRC
2015,2015,TN,Tennessee,BRFSS,Cardiovascular Disease,Age-adjusted Prevalence,60.5,60.5,54.5,66.3,Overall,Overall,POINT (-85.77449091 35.68094058),,47,CVD,CVD9_2,AGEADJPREV,OVERALL,OVR
2015,2015,OK,Oklahoma,BRFSS,Cardiovascular Disease,Crude Prevalence,72.8,72.8,66,78.7,Gender,Male,POINT (-97.52107021 35.47203136),,40,CVD,CVD9_2,CRDPREV,GENDER,GENM
2015,2015,IL,Illinois,BRFSS,Cardiovascular Disease,Crude Prevalence,62.2,62.2,55.9,68.2,Overall,Overall,POINT (-88.99771018 40.48501028),,17,CVD,CVD9_2,CRDPREV,OVERALL,OVR
2015,2015,IN,Indiana,BRFSS,Cardiovascular Disease,Crude Prevalence,,,,,Race/Ethnicity,"Black, non-Hispanic",POINT (-86.14996019 39.76691045),,18,CVD,CVD9_2,CRDPREV,RACE,BLK
2015,2015,NE,Nebraska,BRFSS,Cardiovascular Disease,Crude Prevalence,68.7,68.7,64.6,72.5,Overall,Overall,POINT (-99.36572062 41.64104099),,31,CVD,CVD9_2,CRDPREV,OVERALL,OVR
2015,2015,NM,New Mexico,BRFSS,Cardiovascular Disease,Age-adjusted Prevalence,64.9,64.9,57,72.1,Race/Ethnicity,"White, non-Hispanic",POINT (-106.240581 34.52088095),,35,CVD,CVD9_2,AGEADJPREV,RACE,WHT
2015,2015,VT,Vermont,BRFSS,Cardiovascular Disease,Crude Prevalence,,,,,Race/Ethnicity,"Black, non-Hispanic",POINT (-72.51764079 43.62538124),,50,CVD,CVD9_2,CRDPREV,RACE,BLK
2015,2015,NY,New York,BRFSS,Cardiovascular Disease,Age-adjusted Prevalence,55.8,55.8,47.5,63.8,Gender,Female,POINT (-75.54397043 42.82700103),,36,CVD,CVD9_2,AGEADJPREV,GENDER,GENF
2014,2014,LA,Louisiana,NVSS,Cardiovascular Disease,Number,7138,7138,,,Gender,Male,POINT (-92.44568007 31.31266064),,22,CVD,CVD1_1,NMBR,GENDER,GENM
2014,2014,MI,Michigan,NVSS,Cardiovascular Disease,Number,5424,5424,,,Gender,Male,POINT (-84.71439027 44.66131954),,26,CVD,CVD1_4,NMBR,GENDER,GENM
2014,2014,SD,South Dakota,NVSS,Cardiovascular Disease,Number,494,494,,,Gender,Male,POINT (-100.3735306 44.35313005),,46,CVD,CVD1_4,NMBR,GENDER,GENM
2014,2014,IA,Iowa,BRFSS,Cardiovascular Disease,Crude Prevalence,,,,,Race/Ethnicity,"Black, non-Hispanic",POINT (-93.81649056 42.46940091),,19,CVD,CVD10_1,CRDPREV,RACE,BLK
2014,2014,CT,Connecticut,BRFSS,Cardiovascular Disease,Age-adjusted Prevalence,25.5,25.5,18.3,34.4,Overall,Overall,POINT (-72.64984095 41.56266102),,9,CVD,CVD10_1,AGEADJPREV,OVERALL,OVR
2014,2014,IL,Illinois,BRFSS,Cardiovascular Disease,Age-adjusted Prevalence,42.5,42.5,32.8,52.9,Overall,Overall,POINT (-88.99771018 40.48501028),,17,CVD,CVD10_1,AGEADJPREV,OVERALL,OVR
2014,2014,NJ,New Jersey,BRFSS,Cardiovascular Disease,Crude Prevalence,42.2,42.2,25.7,60.7,Race/Ethnicity,"Black, non-Hispanic",POINT (-68.98503134 45.25422889),,23,CVD,CVD10_1,CRDPREV,RACE,BLK
2014,2014,NC,North Carolina,BRFSS,Cardiovascular Disease,Age-adjusted Prevalence,45.9,45.9,26.3,66.9,Race/Ethnicity,"White, non-Hispanic",POINT (-79.15925046 35.46622098),,37,CVD,CVD10_1,AGEADJPREV,RACE,WHT
2014,2014,NE,Nebraska,BRFSS,Cardiovascular Disease,Crude Prevalence,53,53,45.3,60.6,Gender,Male,POINT (-99.36572062 41.64104099),,31,CVD,CVD10_1,CRDPREV,GENDER,GENM
2014,2014,MA,Massachusetts,BRFSS,Cardiovascular Disease,Age-adjusted Prevalence,34.8,34.8,23.3,48.3,Race/Ethnicity,"White, non-Hispanic",POINT (-72.08269067 42.27687047),,25,CVD,CVD10_1,AGEADJPREV,RACE,WHT
2014,2014,IN,Indiana,BRFSS,Cardiovascular Disease,Crude Prevalence,,,,,Race/Ethnicity,"Other, non-Hispanic",POINT (-86.14996019 39.76691045),,18,CVD,CVD10_1,CRDPREV,RACE,OTH
2014,2014,DC,District of Columbia,BRFSS,Cardiovascular Disease,Age-adjusted Prevalence,,,,,Gender,Male,POINT (-77.03196113 38.89037139),,11,CVD,CVD10_1,AGEADJPREV,GENDER,GENM
2014,2014,NV,Nevada,BRFSS,Cardiovascular Disease,Crude Prevalence,,,,,Race/Ethnicity,"Other, non-Hispanic",POINT (-117.0718406 39.49324039),,32,CVD,CVD10_1,CRDPREV,RACE,OTH
2014,2014,AK,Alaska,BRFSS,Cardiovascular Disease,Age-adjusted Prevalence,,,,,Race/Ethnicity,"Black, non-Hispanic",POINT (-147.722059 64.84507996),,2,CVD,CVD10_1,AGEADJPREV,RACE,BLK
2014,2014,CA,California,BRFSS,Cardiovascular Disease,Crude Prevalence,44.9,44.9,31.6,59,Gender,Female,POINT (-120.9999995 37.63864012),,6,CVD,CVD10_1,CRDPREV,GENDER,GENF
2014,2014,FL,Florida,BRFSS,Cardiovascular Disease,Age-adjusted Prevalence,,,,,Race/Ethnicity,"Multiracial, non-Hispanic",POINT (-81.92896054 28.93204038),,12,CVD,CVD10_1,AGEADJPREV,RACE,MRC
2014,2014,CO,Colorado,BRFSS,Cardiovascular Disease,Age-adjusted Prevalence,,,,,Race/Ethnicity,"Other, non-Hispanic",POINT (-106.1336109 38.84384076),,8,CVD,CVD10_1,AGEADJPREV,RACE,OTH
2014,2014,UT,Utah,BRFSS,Cardiovascular Disease,Age-adjusted Prevalence,,,,,Race/Ethnicity,Hispanic,POINT (-111.5871306 39.36070017),,49,CVD,CVD9_2,AGEADJPREV,RACE,HIS
2014,2014,KY,Kentucky,BRFSS,Cardiovascular Disease,Crude Prevalence,72.2,72.2,67,76.8,Race/Ethnicity,"White, non-Hispanic",POINT (-84.77497105 37.64597027),,21,CVD,CVD9_2,CRDPREV,RACE,WHT
2014,2014,SC,South Carolina,BRFSS,Cardiovascular Disease,Age-adjusted Prevalence,64.5,64.5,60.5,68.4,Overall,Overall,POINT (-81.04537121 33.9988213),,45,CVD,CVD9_2,AGEADJPREV,OVERALL,OVR
2014,2014,ID,Idaho,BRFSS,Cardiovascular Disease,Age-adjusted Prevalence,60.3,60.3,50.9,69,Gender,Female,POINT (-114.36373 43.68263001),,16,CVD,CVD9_2,AGEADJPREV,GENDER,GENF
2014,2014,NC,North Carolina,BRFSS,Cardiovascular Disease,Age-adjusted Prevalence,70.1,70.1,62.8,76.4,Gender,Male,POINT (-79.15925046 35.46622098),,37,CVD,CVD9_2,AGEADJPREV,GENDER,GENM
2014,2014,SD,South Dakota,BRFSS,Cardiovascular Disease,Age-adjusted Prevalence,,,,,Race/Ethnicity,"Multiracial, non-Hispanic",POINT (-100.3735306 44.35313005),,46,CVD,CVD9_2,AGEADJPREV,RACE,MRC
2014,2014,IA,Iowa,BRFSS,Cardiovascular Disease,Crude Prevalence,,,,,Race/Ethnicity,Hispanic,POINT (-93.81649056 42.46940091),,19,CVD,CVD9_2,CRDPREV,RACE,HIS
2014,2014,RI,Rhode Island,BRFSS,Cardiovascular Disease,Crude Prevalence,62.9,62.9,56.7,68.7,Race/Ethnicity,"White, non-Hispanic",POINT (-71.52247031 41.70828019),,44,CVD,CVD9_2,CRDPREV,RACE,WHT
2014,2014,ND,North Dakota,BRFSS,Cardiovascular Disease,Age-adjusted Prevalence,,,,,Race/Ethnicity,"Other, non-Hispanic",POINT (-100.118421 47.47531978),,38,CVD,CVD9_2,AGEADJPREV,RACE,OTH
2014,2014,RI,Rhode Island,BRFSS,Cardiovascular Disease,Age-adjusted Prevalence,,,,,Race/Ethnicity,"Black, non-Hispanic",POINT (-71.52247031 41.70828019),,44,CVD,CVD9_2,AGEADJPREV,RACE,BLK
2014,2014,IL,Illinois,BRFSS,Cardiovascular Disease,Age-adjusted Prevalence,61.7,61.7,54.9,68,Race/Ethnicity,"White, non-Hispanic",POINT (-88.99771018 40.48501028),,17,CVD,CVD9_2,AGEADJPREV,RACE,WHT
2013,2013,FL,Florida,BRFSS,Cardiovascular Disease,Crude Prevalence,42.2,42.2,40.3,44.1,Gender,Male,POINT (-81.92896054 28.93204038),,12,CVD,CVD5_0,CRDPREV,GENDER,GENM
2013,2013,GU,Guam,BRFSS,Cardiovascular Disease,Crude Prevalence,29.9,29.9,26.4,33.8,Gender,Female,POINT (144.793731 13.444304),,66,CVD,CVD6_1,CRDPREV,GENDER,GENF
2013,2013,KY,Kentucky,NVSS,Cardiovascular Disease,Number,6236,6236,,,Gender,Female,POINT (-84.77497105 37.64597027),,21,CVD,CVD1_1,NMBR,GENDER,GENF
2013,2013,LA,Louisiana,NVSS,Cardiovascular Disease,Number,6908,6908,,,Gender,Male,POINT (-92.44568007 31.31266064),,22,CVD,CVD1_1,NMBR,GENDER,GENM
2013,2013,ME,Maine,NVSS,Cardiovascular Disease,Number,3676,3676,,,Overall,Overall,POINT (-68.98503134 45.25422889),,23,CVD,CVD1_1,NMBR,OVERALL,OVR
2013,2013,WA,Washington,NVSS,Cardiovascular Disease,Number,14408,14408,,,Overall,Overall,POINT (-120.4700108 47.52227863),,53,CVD,CVD1_1,NMBR,OVERALL,OVR
2013,2013,HI,Hawaii,NVSS,Cardiovascular Disease,Number,1430,1430,,,Gender,Male,POINT (-157.8577494 21.30485044),,15,CVD,CVD1_2,NMBR,GENDER,GENM
2013,2013,MN,Minnesota,NVSS,Cardiovascular Disease,Number,5731,5731,,,Overall,Overall,POINT (-94.7942005 46.35564874),,27,CVD,CVD1_4,NMBR,OVERALL,OVR
2013,2013,MT,Montana,NVSS,Cardiovascular Disease,Number,542,542,,,Gender,Male,POINT (-109.4244206 47.06652897),,30,CVD,CVD1_4,NMBR,GENDER,GENM
2013,2013,OH,Ohio,NVSS,Cardiovascular Disease,Number,6070,6070,,,Gender,Male,POINT (-82.40426006 40.06021014),,39,CVD,CVD1_4,NMBR,GENDER,GENM
2013,2013,OR,Oregon,NVSS,Cardiovascular Disease,Number,2446,2446,,,Gender,Male,POINT (-120.1550313 44.56744942),,41,CVD,CVD1_4,NMBR,GENDER,GENM
2013,2013,PA,Pennsylvania,NVSS,Cardiovascular Disease,Number,7015,7015,,,Gender,Male,POINT (-77.86070029 40.79373015),,42,CVD,CVD1_4,NMBR,GENDER,GENM
2013,2013,CT,Connecticut,BRFSS,Cardiovascular Disease,Age-adjusted Prevalence,,,,,Race/Ethnicity,"Other, non-Hispanic",POINT (-72.64984095 41.56266102),,9,CVD,CVD10_1,AGEADJPREV,RACE,OTH
2013,2013,NH,New Hampshire,BRFSS,Cardiovascular Disease,Age-adjusted Prevalence,,,,,Race/Ethnicity,"Black, non-Hispanic",POINT (-71.50036092 43.65595011),,33,CVD,CVD10_1,AGEADJPREV,RACE,BLK
2013,2013,MN,Minnesota,BRFSS,Cardiovascular Disease,Crude Prevalence,51.4,51.4,34.8,67.8,Gender,Female,POINT (-94.7942005 46.35564874),,27,CVD,CVD10_1,CRDPREV,GENDER,GENF
2013,2013,NV,Nevada,BRFSS,Cardiovascular Disease,Age-adjusted Prevalence,,,,,Race/Ethnicity,"Other, non-Hispanic",POINT (-117.0718406 39.49324039),,32,CVD,CVD10_1,AGEADJPREV,RACE,OTH
2013,2013,MD,Maryland,BRFSS,Cardiovascular Disease,Age-adjusted Prevalence,,,,,Race/Ethnicity,"Other, non-Hispanic",POINT (-76.60926011 39.29058096),,24,CVD,CVD10_1,AGEADJPREV,RACE,OTH
2013,2013,NM,New Mexico,BRFSS,Cardiovascular Disease,Crude Prevalence,43.7,43.7,30.9,57.3,Race/Ethnicity,Hispanic,POINT (-106.240581 34.52088095),,35,CVD,CVD10_1,CRDPREV,RACE,HIS
2013,2013,FL,Florida,BRFSS,Cardiovascular Disease,Age-adjusted Prevalence,32.3,32.3,20.8,46.4,Gender,Female,POINT (-81.92896054 28.93204038),,12,CVD,CVD10_1,AGEADJPREV,GENDER,GENF
2013,2013,DE,Delaware,BRFSS,Cardiovascular Disease,Age-adjusted Prevalence,,,,,Race/Ethnicity,"Multiracial, non-Hispanic",POINT (-75.57774117 39.00883067),,10,CVD,CVD10_1,AGEADJPREV,RACE,MRC
2013,2013,NM,New Mexico,BRFSS,Cardiovascular Disease,Crude Prevalence,49.3,49.3,37.5,61.3,Race/Ethnicity,"White, non-Hispanic",POINT (-106.240581 34.52088095),,35,CVD,CVD10_1,CRDPREV,RACE,WHT
2013,2013,DE,Delaware,BRFSS,Cardiovascular Disease,Age-adjusted Prevalence,,,,,Race/Ethnicity,"Other, non-Hispanic",POINT (-75.57774117 39.00883067),,10,CVD,CVD10_1,AGEADJPREV,RACE,OTH
2013,2013,DC,District of Columbia,BRFSS,Cardiovascular Disease,Crude Prevalence,,,,,Race/Ethnicity,"White, non-Hispanic",POINT (-77.03196113 38.89037139),,11,CVD,CVD10_1,CRDPREV,RACE,WHT
2013,2013,MO,Missouri,BRFSS,Cardiovascular Disease,Age-adjusted Prevalence,,,,,Race/Ethnicity,Hispanic,POINT (-92.56630005 38.63579078),,29,CVD,CVD10_1,AGEADJPREV,RACE,HIS
2013,2013,IL,Illinois,BRFSS,Cardiovascular Disease,Age-adjusted Prevalence,,,,,Race/Ethnicity,"Multiracial, non-Hispanic",POINT (-88.99771018 40.48501028),,17,CVD,CVD10_1,AGEADJPREV,RACE,MRC
2013,2013,CO,Colorado,BRFSS,Cardiovascular Disease,Crude Prevalence,48.2,48.2,39.6,56.8,Overall,Overall,POINT (-106.1336109 38.84384076),,8,CVD,CVD10_1,CRDPREV,OVERALL,OVR
2013,2013,LA,Louisiana,BRFSS,Cardiovascular Disease,Crude Prevalence,45.8,45.8,35.1,56.8,Overall,Overall,POINT (-92.44568007 31.31266064),,22,CVD,CVD10_1,CRDPREV,OVERALL,OVR
2013,2013,ID,Idaho,BRFSS,Cardiovascular Disease,Age-adjusted Prevalence,25.3,25.3,16.1,37.3,Overall,Overall,POINT (-114.36373 43.68263001),,16,CVD,CVD10_1,AGEADJPREV,OVERALL,OVR
2013,2013,AR,Arkansas,BRFSS,Cardiovascular Disease,Crude Prevalence,50.9,50.9,37.4,64.3,Gender,Male,POINT (-92.27449074 34.74865012),,5,CVD,CVD10_1,CRDPREV,GENDER,GENM
2013,2013,NH,New Hampshire,BRFSS,Cardiovascular Disease,Crude Prevalence,56.7,56.7,45.6,67.2,Race/Ethnicity,"White, non-Hispanic",POINT (-71.50036092 43.65595011),,33,CVD,CVD10_1,CRDPREV,RACE,WHT
2013,2013,NJ,New Jersey,BRFSS,Cardiovascular Disease,Age-adjusted Prevalence,,,,,Race/Ethnicity,Hispanic,POINT (-74.27369129 40.13057005),,34,CVD,CVD10_1,AGEADJPREV,RACE,HIS
2013,2013,MA,Massachusetts,BRFSS,Cardiovascular Disease,Crude Prevalence,54.3,54.3,45.4,62.9,Overall,Overall,POINT (-72.08269067 42.27687047),,25,CVD,CVD10_1,CRDPREV,OVERALL,OVR
2013,2013,HI,Hawaii,BRFSS,Cardiovascular Disease,Age-adjusted Prevalence,,,,,Race/Ethnicity,"Black, non-Hispanic",POINT (-157.8577494 21.30485044),,15,CVD,CVD10_1,AGEADJPREV,RACE,BLK
2013,2013,AZ,Arizona,BRFSS,Cardiovascular Disease,Crude Prevalence,,,,,Race/Ethnicity,"Multiracial, non-Hispanic",POINT (-111.7638113 34.86597028),,4,CVD,CVD10_1,CRDPREV,RACE,MRC
2013,2013,KS,Kansas,BRFSS,Cardiovascular Disease,Crude Prevalence,,,,,Race/Ethnicity,"Multiracial, non-Hispanic",POINT (-98.20078123 38.3477403),,20,CVD,CVD10_1,CRDPREV,RACE,MRC
2013,2013,ME,Maine,BRFSS,Cardiovascular Disease,Age-adjusted Prevalence,54.4,54.4,40.3,67.8,Gender,Male,POINT (-68.98503134 45.25422889),,23,CVD,CVD10_1,AGEADJPREV,GENDER,GENM
2013,2013,KS,Kansas,BRFSS,Cardiovascular Disease,Age-adjusted Prevalence,,,,,Race/Ethnicity,"Multiracial, non-Hispanic",POINT (-98.20078123 38.3477403),,20,CVD,CVD10_1,AGEADJPREV,RACE,MRC
2013,2013,KS,Kansas,BRFSS,Cardiovascular Disease,Crude Prevalence,,,,,Race/Ethnicity,"Multiracial, non-Hispanic",POINT (-98.20078123 38.3477403),,20,CVD,CVD9_2,CRDPREV,RACE,MRC
2013,2013,LA,Louisiana,BRFSS,Cardiovascular Disease,Age-adjusted Prevalence,,,,,Race/Ethnicity,Hispanic,POINT (-92.44568007 31.31266064),,22,CVD,CVD9_2,AGEADJPREV,RACE,HIS
2013,2013,CT,Connecticut,BRFSS,Cardiovascular Disease,Age-adjusted Prevalence,,,,,Race/Ethnicity,"Black, non-Hispanic",POINT (-72.64984095 41.56266102),,9,CVD,CVD9_2,AGEADJPREV,RACE,BLK
2013,2013,MA,Massachusetts,BRFSS,Cardiovascular Disease,Age-adjusted Prevalence,70.9,70.9,63.7,77.3,Gender,Male,POINT (-72.08269067 42.27687047),,25,CVD,CVD9_2,AGEADJPREV,GENDER,GENM
2013,2013,ND,North Dakota,BRFSS,Cardiovascular Disease,Age-adjusted Prevalence,,,,,Race/Ethnicity,"Other, non-Hispanic",POINT (-100.118421 47.47531978),,38,CVD,CVD9_2,AGEADJPREV,RACE,OTH
2013,2013,WY,Wyoming,BRFSS,Cardiovascular Disease,Crude Prevalence,55.8,55.8,50.3,61.1,Overall,Overall,POINT (-108.1098304 43.23554134),,56,CVD,CVD9_2,CRDPREV,OVERALL,OVR
2013,2013,HI,Hawaii,BRFSS,Cardiovascular Disease,Crude Prevalence,75.1,75.1,68,81.1,Overall,Overall,POINT (-157.8577494 21.30485044),,15,CVD,CVD9_2,CRDPREV,OVERALL,OVR
2013,2013,ND,North Dakota,BRFSS,Cardiovascular Disease,Crude Prevalence,62.8,62.8,57.3,67.9,Overall,Overall,POINT (-100.118421 47.47531978),,38,CVD,CVD9_2,CRDPREV,OVERALL,OVR
2013,2013,OH,Ohio,BRFSS,Cardiovascular Disease,Age-adjusted Prevalence,65.9,65.9,58.3,72.8,Gender,Male,POINT (-82.40426006 40.06021014),,39,CVD,CVD9_2,AGEADJPREV,GENDER,GENM
2013,2013,NM,New Mexico,BRFSS,Cardiovascular Disease,Crude Prevalence,,,,,Race/Ethnicity,"Multiracial, non-Hispanic",POINT (-106.240581 34.52088095),,35,CVD,CVD9_2,CRDPREV,RACE,MRC
2013,2013,FL,Florida,BRFSS,Cardiovascular Disease,Age-adjusted Prevalence,57.2,57.2,53.3,61.1,Overall,Overall,POINT (-81.92896054 28.93204038),,12,CVD,CVD9_2,AGEADJPREV,OVERALL,OVR
2013,2013,PA,Pennsylvania,BRFSS,Cardiovascular Disease,Age-adjusted Prevalence,,,,,Race/Ethnicity,"Other, non-Hispanic",POINT (-77.86070029 40.79373015),,42,CVD,CVD9_2,AGEADJPREV,RACE,OTH
2013,2013,MT,Montana,BRFSS,Cardiovascular Disease,Crude Prevalence,,,,,Race/Ethnicity,"Black, non-Hispanic",POINT (-109.4244206 47.06652897),,30,CVD,CVD9_2,CRDPREV,RACE,BLK
2013,2013,UT,Utah,BRFSS,Cardiovascular Disease,Crude Prevalence,63,63,57.8,67.9,Overall,Overall,POINT (-111.5871306 39.36070017),,49,CVD,CVD9_2,CRDPREV,OVERALL,OVR
2012,2012,HI,Hawaii,NVSS,Cardiovascular Disease,Number,1763,1763,,,Gender,Male,POINT (-157.8577494 21.30485044),,15,CVD,CVD1_1,NMBR,GENDER,GENM
2012,2012,IN,Indiana,NVSS,Cardiovascular Disease,Number,18030,18030,,,Overall,Overall,POINT (-86.14996019 39.76691045),,18,CVD,CVD1_1,NMBR,OVERALL,OVR
2012,2012,IA,Iowa,NVSS,Cardiovascular Disease,Number,4772,4772,,,Gender,Female,POINT (-93.81649056 42.46940091),,19,CVD,CVD1_1,NMBR,GENDER,GENF
2012,2012,ME,Maine,NVSS,Cardiovascular Disease,Number,1793,1793,,,Gender,Female,POINT (-68.98503134 45.25422889),,23,CVD,CVD1_1,NMBR,GENDER,GENF
2012,2012,WA,Washington,NVSS,Cardiovascular Disease,Number,7214,7214,,,Gender,Male,POINT (-120.4700108 47.52227863),,53,CVD,CVD1_1,NMBR,GENDER,GENM
2012,2012,VA,Virginia,NVSS,Cardiovascular Disease,Number,6390,6390,,,Overall,Overall,POINT (-78.45789046 37.54268067),,51,CVD,CVD1_4,NMBR,OVERALL,OVR
2012,2012,WV,West Virginia,NVSS,Cardiovascular Disease,Number,1224,1224,,,Gender,Male,POINT (-80.71264013 38.6655102),,54,CVD,CVD1_4,NMBR,GENDER,GENM
2012,2012,ME,Maine,BRFSS,Cardiovascular Disease,Crude Prevalence,,,,,Race/Ethnicity,"Black, non-Hispanic",POINT (-68.98503134 45.25422889),,23,CVD,CVD10_1,CRDPREV,RACE,BLK
2012,2012,ND,North Dakota,BRFSS,Cardiovascular Disease,Crude Prevalence,,,,,Race/Ethnicity,"Black, non-Hispanic",POINT (-100.118421 47.47531978),,38,CVD,CVD10_1,CRDPREV,RACE,BLK
2012,2012,NV,Nevada,BRFSS,Cardiovascular Disease,Crude Prevalence,26.8,26.8,16.5,40.4,Race/Ethnicity,"White, non-Hispanic",POINT (-117.0718406 39.49324039),,32,CVD,CVD10_1,CRDPREV,RACE,WHT
2012,2012,AK,Alaska,BRFSS,Cardiovascular Disease,Crude Prevalence,,,,,Race/Ethnicity,"Multiracial, non-Hispanic",POINT (-147.722059 64.84507996),,2,CVD,CVD10_1,CRDPREV,RACE,MRC
2012,2012,MS,Mississippi,BRFSS,Cardiovascular Disease,Crude Prevalence,39.2,39.2,29.9,49.3,Gender,Male,POINT (-89.53803082 32.7455101),,28,CVD,CVD10_1,CRDPREV,GENDER,GENM
2012,2012,AL,Alabama,BRFSS,Cardiovascular Disease,Age-adjusted Prevalence,41,41,28.1,55.3,Overall,Overall,POINT (-86.63186076 32.84057112),,1,CVD,CVD10_1,AGEADJPREV,OVERALL,OVR
2012,2012,FL,Florida,BRFSS,Cardiovascular Disease,Crude Prevalence,,,,,Race/Ethnicity,"Other, non-Hispanic",POINT (-81.92896054 28.93204038),,12,CVD,CVD10_1,CRDPREV,RACE,OTH
2012,2012,NJ,New Jersey,BRFSS,Cardiovascular Disease,Crude Prevalence,43.7,43.7,29.1,59.5,Race/Ethnicity,Hispanic,POINT (-74.27369129 40.13057005),,34,CVD,CVD10_1,CRDPREV,RACE,HIS
2012,2012,FL,Florida,BRFSS,Cardiovascular Disease,Age-adjusted Prevalence,24.6,24.6,15.8,36.1,Gender,Female,POINT (-81.92896054 28.93204038),,12,CVD,CVD10_1,AGEADJPREV,GENDER,GENF
2012,2012,NH,New Hampshire,BRFSS,Cardiovascular Disease,Crude Prevalence,,,,,Race/Ethnicity,"Multiracial, non-Hispanic",POINT (-71.50036092 43.65595011),,33,CVD,CVD10_1,CRDPREV,RACE,MRC
2012,2012,NC,North Carolina,BRFSS,Cardiovascular Disease,Age-adjusted Prevalence,40.7,40.7,35.5,46.1,Race/Ethnicity,"White, non-Hispanic",POINT (-79.15925046 35.46622098),,37,CVD,CVD10_1,AGEADJPREV,RACE,WHT
2012,2012,ID,Idaho,BRFSS,Cardiovascular Disease,Age-adjusted Prevalence,,,,,Race/Ethnicity,"Black, non-Hispanic",POINT (-114.36373 43.68263001),,16,CVD,CVD10_1,AGEADJPREV,RACE,BLK
2012,2012,CA,California,BRFSS,Cardiovascular Disease,Crude Prevalence,39.3,39.3,31.8,47.3,Overall,Overall,POINT (-120.9999995 37.63864012),,6,CVD,CVD10_1,CRDPREV,OVERALL,OVR
2012,2012,DC,District of Columbia,BRFSS,Cardiovascular Disease,Age-adjusted Prevalence,,,,,Race/Ethnicity,Hispanic,POINT (-77.03196113 38.89037139),,11,CVD,CVD10_1,AGEADJPREV,RACE,HIS
2012,2012,AZ,Arizona,BRFSS,Cardiovascular Disease,Age-adjusted Prevalence,35.1,35.1,22.9,49.6,Overall,Overall,POINT (-111.7638113 34.86597028),,4,CVD,CVD10_1,AGEADJPREV,OVERALL,OVR
2012,2012,CA,California,BRFSS,Cardiovascular Disease,Crude Prevalence,38.5,38.5,28.1,50.1,Gender,Female,POINT (-120.9999995 37.63864012),,6,CVD,CVD10_1,CRDPREV,GENDER,GENF
2012,2012,CT,Connecticut,BRFSS,Cardiovascular Disease,Crude Prevalence,,,,,Race/Ethnicity,"Multiracial, non-Hispanic",POINT (-72.64984095 41.56266102),,9,CVD,CVD10_1,CRDPREV,RACE,MRC
2012,2012,GA,Georgia,BRFSS,Cardiovascular Disease,Age-adjusted Prevalence,51.3,51.3,45.5,57,Race/Ethnicity,"White, non-Hispanic",POINT (-83.62758035 32.83968109),,13,CVD,CVD10_1,AGEADJPREV,RACE,WHT
2012,2012,LA,Louisiana,BRFSS,Cardiovascular Disease,Crude Prevalence,52.4,52.4,41,63.6,Gender,Male,POINT (-92.44568007 31.31266064),,22,CVD,CVD10_1,CRDPREV,GENDER,GENM
2012,2012,CO,Colorado,BRFSS,Cardiovascular Disease,Age-adjusted Prevalence,29.2,29.2,21.4,38.6,Race/Ethnicity,"White, non-Hispanic",POINT (-106.1336109 38.84384076),,8,CVD,CVD10_1,AGEADJPREV,RACE,WHT
2012,2012,MT,Montana,BRFSS,Cardiovascular Disease,Age-adjusted Prevalence,,,,,Race/Ethnicity,"Multiracial, non-Hispanic",POINT (-109.4244206 47.06652897),,30,CVD,CVD10_1,AGEADJPREV,RACE,MRC
2012,2012,NM,New Mexico,BRFSS,Cardiovascular Disease,Age-adjusted Prevalence,,,,,Race/Ethnicity,"Multiracial, non-Hispanic",POINT (-106.240581 34.52088095),,35,CVD,CVD10_1,AGEADJPREV,RACE,MRC
2012,2012,DE,Delaware,BRFSS,Cardiovascular Disease,Crude Prevalence,,,,,Race/Ethnicity,"Other, non-Hispanic",POINT (-75.57774117 39.00883067),,10,CVD,CVD10_1,CRDPREV,RACE,OTH
2012,2012,MO,Missouri,BRFSS,Cardiovascular Disease,Crude Prevalence,56.8,56.8,47.4,65.7,Race/Ethnicity,"White, non-Hispanic",POINT (-92.56630005 38.63579078),,29,CVD,CVD10_1,CRDPREV,RACE,WHT
2012,2012,NY,New York,BRFSS,Cardiovascular Disease,Age-adjusted Prevalence,18.3,18.3,11.1,28.6,Gender,Male,POINT (-75.54397043 42.82700103),,36,CVD,CVD10_1,AGEADJPREV,GENDER,GENM
2012,2012,NV,Nevada,BRFSS,Cardiovascular Disease,Age-adjusted Prevalence,57.7,57.7,46.3,68.3,Gender,Female,POINT (-117.0718406 39.49324039),,32,CVD,CVD9_2,AGEADJPREV,GENDER,GENF
2012,2012,WY,Wyoming,BRFSS,Cardiovascular Disease,Crude Prevalence,,,,,Race/Ethnicity,"Other, non-Hispanic",POINT (-108.1098304 43.23554134),,56,CVD,CVD9_2,CRDPREV,RACE,OTH
2012,2012,RI,Rhode Island,BRFSS,Cardiovascular Disease,Age-adjusted Prevalence,62.8,62.8,54.3,70.6,Gender,Male,POINT (-71.52247031 41.70828019),,44,CVD,CVD9_2,AGEADJPREV,GENDER,GENM
2012,2012,NE,Nebraska,BRFSS,Cardiovascular Disease,Crude Prevalence,66.7,66.7,63.2,70.1,Race/Ethnicity,"White, non-Hispanic",POINT (-99.36572062 41.64104099),,31,CVD,CVD9_2,CRDPREV,RACE,WHT
2012,2012,NM,New Mexico,BRFSS,Cardiovascular Disease,Age-adjusted Prevalence,,,,,Race/Ethnicity,"Multiracial, non-Hispanic",POINT (-106.240581 34.52088095),,35,CVD,CVD9_2,AGEADJPREV,RACE,MRC
2012,2012,NM,New Mexico,BRFSS,Cardiovascular Disease,Crude Prevalence,59.6,59.6,54.3,64.7,Overall,Overall,POINT (-106.240581 34.52088095),,35,CVD,CVD9_2,CRDPREV,OVERALL,OVR
2012,2012,OH,Ohio,BRFSS,Cardiovascular Disease,Age-adjusted Prevalence,,,,,Race/Ethnicity,Hispanic,POINT (-82.40426006 40.06021014),,39,CVD,CVD9_2,AGEADJPREV,RACE,HIS
2012,2012,KY,Kentucky,BRFSS,Cardiovascular Disease,Crude Prevalence,60.9,60.9,55.6,66,Overall,Overall,POINT (-84.77497105 37.64597027),,21,CVD,CVD9_2,CRDPREV,OVERALL,OVR
2012,2012,WV,West Virginia,BRFSS,Cardiovascular Disease,Crude Prevalence,,,,,Race/Ethnicity,Hispanic,POINT (-80.71264013 38.6655102),,54,CVD,CVD9_2,CRDPREV,RACE,HIS
2012,2012,IL,Illinois,BRFSS,Cardiovascular Disease,Age-adjusted Prevalence,55.7,55.7,49.7,61.5,Overall,Overall,POINT (-88.99771018 40.48501028),,17,CVD,CVD9_2,AGEADJPREV,OVERALL,OVR
2012,2012,SD,South Dakota,BRFSS,Cardiovascular Disease,Age-adjusted Prevalence,,,,,Race/Ethnicity,"Multiracial, non-Hispanic",POINT (-100.3735306 44.35313005),,46,CVD,CVD9_2,AGEADJPREV,RACE,MRC
2012,2012,CT,Connecticut,BRFSS,Cardiovascular Disease,Crude Prevalence,,,,,Race/Ethnicity,"Other, non-Hispanic",POINT (-72.64984095 41.56266102),,9,CVD,CVD9_2,CRDPREV,RACE,OTH
2012,2012,NY,New York,BRFSS,Cardiovascular Disease,Crude Prevalence,,,,,Race/Ethnicity,"Black, non-Hispanic",POINT (-75.54397043 42.82700103),,36,CVD,CVD9_2,CRDPREV,RACE,BLK
2012,2012,MD,Maryland,BRFSS,Cardiovascular Disease,Crude Prevalence,68.4,68.4,55.6,78.9,Race/Ethnicity,"Black, non-Hispanic",POINT (-76.60926011 39.29058096),,24,CVD,CVD9_2,CRDPREV,RACE,BLK
2012,2012,DC,District of Columbia,BRFSS,Cardiovascular Disease,Crude Prevalence,,,,,Race/Ethnicity,"Multiracial, non-Hispanic",POINT (-77.03196113 38.89037139),,11,CVD,CVD9_2,CRDPREV,RACE,MRC
2011,2011,WY,Wyoming,BRFSS,Cardiovascular Disease,Crude Prevalence,73.4,73.4,70.9,75.8,Gender,Male,POINT (-108.1098304 43.23554134),,56,CVD,CVD4_0,CRDPREV,GENDER,GENM
2011,2011,WY,Wyoming,BRFSS,Cardiovascular Disease,Crude Prevalence,27,27,25,29.1,Gender,Female,POINT (-108.1098304 43.23554134),,56,CVD,CVD6_1,CRDPREV,GENDER,GENF
2011,2011,FL,Florida,BRFSS,Cardiovascular Disease,Crude Prevalence,13,13,8.9,18.5,Race/Ethnicity,Hispanic,POINT (-81.92896054 28.93204038),,12,CVD,CVD6_2,CRDPREV,RACE,HIS
2011,2011,MO,Missouri,BRFSS,Cardiovascular Disease,Crude Prevalence,14.4,14.4,11.8,17.4,Overall,Overall,POINT (-92.56630005 38.63579078),,29,CVD,CVD6_2,CRDPREV,OVERALL,OVR
2011,2011,UT,Utah,BRFSS,Cardiovascular Disease,Crude Prevalence,10.6,10.6,9.2,12.1,Overall,Overall,POINT (-111.5871306 39.36070017),,49,CVD,CVD6_2,CRDPREV,OVERALL,OVR
2011,2011,WI,Wisconsin,NVSS,Cardiovascular Disease,Number,14896,14896,,,Overall,Overall,POINT (-89.81637074 44.39319117),,55,CVD,CVD1_1,NMBR,OVERALL,OVR
2011,2011,FL,Florida,NVSS,Cardiovascular Disease,Number,22138,22138,,,Gender,Male,POINT (-81.92896054 28.93204038),,12,CVD,CVD1_2,NMBR,GENDER,GENM
2011,2011,UT,Utah,NVSS,Cardiovascular Disease,Number,1060,1060,,,Gender,Female,POINT (-111.5871306 39.36070017),,49,CVD,CVD1_4,NMBR,GENDER,GENF
2011,2011,VT,Vermont,NVSS,Cardiovascular Disease,Number,390,390,,,Gender,Female,POINT (-72.51764079 43.62538124),,50,CVD,CVD1_4,NMBR,GENDER,GENF
2011,2011,CA,California,BRFSS,Cardiovascular Disease,Age-adjusted Prevalence,40.1,40.1,24.5,58,Race/Ethnicity,"White, non-Hispanic",POINT (-120.9999995 37.63864012),,6,CVD,CVD10_1,AGEADJPREV,RACE,WHT
2011,2011,AZ,Arizona,BRFSS,Cardiovascular Disease,Age-adjusted Prevalence,,,,,Race/Ethnicity,Hispanic,POINT (-111.7638113 34.86597028),,4,CVD,CVD10_1,AGEADJPREV,RACE,HIS
2011,2011,CT,Connecticut,BRFSS,Cardiovascular Disease,Crude Prevalence,,,,,Race/Ethnicity,Hispanic,POINT (-72.64984095 41.56266102),,9,CVD,CVD10_1,CRDPREV,RACE,HIS
2011,2011,AZ,Arizona,BRFSS,Cardiovascular Disease,Age-adjusted Prevalence,18.1,18.1,11.9,26.5,Gender,Male,POINT (-111.7638113 34.86597028),,4,CVD,CVD10_1,AGEADJPREV,GENDER,GENM
2011,2011,DC,District of Columbia,BRFSS,Cardiovascular Disease,Crude Prevalence,43.8,43.8,29,59.8,Gender,Female,POINT (-77.03196113 38.89037139),,11,CVD,CVD10_1,CRDPREV,GENDER,GENF
2011,2011,MN,Minnesota,BRFSS,Cardiovascular Disease,Crude Prevalence,55.7,55.7,43.3,67.5,Gender,Female,POINT (-94.7942005 46.35564874),,27,CVD,CVD10_1,CRDPREV,GENDER,GENF
2011,2011,MI,Michigan,BRFSS,Cardiovascular Disease,Age-adjusted Prevalence,48.8,48.8,30,68,Race/Ethnicity,"White, non-Hispanic",POINT (-84.71439027 44.66131954),,26,CVD,CVD10_1,AGEADJPREV,RACE,WHT
2011,2011,NC,North Carolina,BRFSS,Cardiovascular Disease,Age-adjusted Prevalence,29.7,29.7,22.5,38.1,Overall,Overall,POINT (-79.15925046 35.46622098),,37,CVD,CVD10_1,AGEADJPREV,OVERALL,OVR
2011,2011,NY,New York,BRFSS,Cardiovascular Disease,Crude Prevalence,,,,,Race/Ethnicity,"Other, non-Hispanic",POINT (-75.54397043 42.82700103),,36,CVD,CVD10_1,CRDPREV,RACE,OTH
2011,2011,MO,Missouri,BRFSS,Cardiovascular Disease,Age-adjusted Prevalence,,,,,Race/Ethnicity,"Other, non-Hispanic",POINT (-92.56630005 38.63579078),,29,CVD,CVD10_1,AGEADJPREV,RACE,OTH
2011,2011,CT,Connecticut,BRFSS,Cardiovascular Disease,Age-adjusted Prevalence,,,,,Race/Ethnicity,"Other, non-Hispanic",POINT (-72.64984095 41.56266102),,9,CVD,CVD10_1,AGEADJPREV,RACE,OTH
2011,2011,MA,Massachusetts,BRFSS,Cardiovascular Disease,Age-adjusted Prevalence,21.6,21.6,15.2,29.8,Race/Ethnicity,Hispanic,POINT (-72.08269067 42.27687047),,25,CVD,CVD10_1,AGEADJPREV,RACE,HIS
2011,2011,CO,Colorado,BRFSS,Cardiovascular Disease,Crude Prevalence,32.5,32.5,31.1,34,Gender,Female,POINT (-106.1336109 38.84384076),,8,CVD,CVD5_0,CRDPREV,GENDER,GENF
2011,2011,IA,Iowa,BRFSS,Cardiovascular Disease,Crude Prevalence,,,,,Race/Ethnicity,"Black, non-Hispanic",POINT (-93.81649056 42.46940091),,19,CVD,CVD10_1,CRDPREV,RACE,BLK
2011,2011,ID,Idaho,BRFSS,Cardiovascular Disease,Age-adjusted Prevalence,26.8,26.8,14.7,43.8,Gender,Male,POINT (-114.36373 43.68263001),,16,CVD,CVD10_1,AGEADJPREV,GENDER,GENM
2011,2011,CO,Colorado,BRFSS,Cardiovascular Disease,Crude Prevalence,,,,,Race/Ethnicity,Hispanic,POINT (-106.1336109 38.84384076),,8,CVD,CVD10_1,CRDPREV,RACE,HIS
2011,2011,MA,Massachusetts,BRFSS,Cardiovascular Disease,Crude Prevalence,,,,,Race/Ethnicity,"Other, non-Hispanic",POINT (-72.08269067 42.27687047),,25,CVD,CVD9_2,CRDPREV,RACE,OTH
2011,2011,NY,New York,BRFSS,Cardiovascular Disease,Crude Prevalence,61.4,61.4,52.2,69.9,Gender,Male,POINT (-75.54397043 42.82700103),,36,CVD,CVD9_2,CRDPREV,GENDER,GENM
2011,2011,MI,Michigan,BRFSS,Cardiovascular Disease,Age-adjusted Prevalence,28.4,28.4,17.6,42.5,Race/Ethnicity,"Black, non-Hispanic",POINT (-84.71439027 44.66131954),,26,CVD,CVD9_2,AGEADJPREV,RACE,BLK
2011,2011,DC,District of Columbia,BRFSS,Cardiovascular Disease,Crude Prevalence,52,52,40.7,63,Gender,Female,POINT (-77.03196113 38.89037139),,11,CVD,CVD9_2,CRDPREV,GENDER,GENF
2011,2011,TX,Texas,BRFSS,Cardiovascular Disease,Crude Prevalence,59.4,59.4,54.3,64.4,Overall,Overall,POINT (-99.42677021 31.82724041),,48,CVD,CVD9_2,CRDPREV,OVERALL,OVR
2011,2011,NE,Nebraska,BRFSS,Cardiovascular Disease,Crude Prevalence,,,,,Race/Ethnicity,Hispanic,POINT (-99.36572062 41.64104099),,31,CVD,CVD9_2,CRDPREV,RACE,HIS
2011,2011,PA,Pennsylvania,BRFSS,Cardiovascular Disease,Crude Prevalence,69.7,69.7,65,73.9,Race/Ethnicity,"White, non-Hispanic",POINT (-77.86070029 40.79373015),,42,CVD,CVD9_2,CRDPREV,RACE,WHT
2011,2011,GA,Georgia,BRFSS,Cardiovascular Disease,Crude Prevalence,57.4,57.4,52.4,62.3,Overall,Overall,POINT (-83.62758035 32.83968109),,13,CVD,CVD9_2,CRDPREV,OVERALL,OVR
2011,2011,NH,New Hampshire,BRFSS,Cardiovascular Disease,Age-adjusted Prevalence,58.2,58.2,50,66.1,Gender,Male,POINT (-71.50036092 43.65595011),,33,CVD,CVD9_2,AGEADJPREV,GENDER,GENM
2011,2011,IA,Iowa,BRFSS,Cardiovascular Disease,Age-adjusted Prevalence,71.5,71.5,65.9,76.6,Race/Ethnicity,"White, non-Hispanic",POINT (-93.81649056 42.46940091),,19,CVD,CVD9_2,AGEADJPREV,RACE,WHT
2011,2011,MO,Missouri,BRFSS,Cardiovascular Disease,Crude Prevalence,,,,,Race/Ethnicity,"Black, non-Hispanic",POINT (-92.56630005 38.63579078),,29,CVD,CVD9_2,CRDPREV,RACE,BLK
2011,2011,TN,Tennessee,BRFSS,Cardiovascular Disease,Crude Prevalence,,,,,Race/Ethnicity,"Black, non-Hispanic",POINT (-85.77449091 35.68094058),,47,CVD,CVD9_2,CRDPREV,RACE,BLK
2011,2011,NJ,New Jersey,BRFSS,Cardiovascular Disease,Crude Prevalence,,,,,Race/Ethnicity,"Multiracial, non-Hispanic",POINT (-74.27369129 40.13057005),,34,CVD,CVD9_2,CRDPREV,RACE,MRC
2011,2011,FL,Florida,BRFSS,Cardiovascular Disease,Age-adjusted Prevalence,61.6,61.6,57,65.9,Overall,Overall,POINT (-81.92896054 28.93204038),,12,CVD,CVD9_2,AGEADJPREV,OVERALL,OVR
2011,2011,ND,North Dakota,BRFSS,Cardiovascular Disease,Age-adjusted Prevalence,64.7,64.7,55.2,73.2,Gender,Male,POINT (-100.118421 47.47531978),,38,CVD,CVD9_2,AGEADJPREV,GENDER,GENM
2010,2010,ME,Maine,NVSS,Cardiovascular Disease,Number,1731,1731,,,Gender,Male,POINT (-68.98503134 45.25422889),,23,CVD,CVD1_1,NMBR,GENDER,GENM
2010,2010,AZ,Arizona,NVSS,Cardiovascular Disease,Number,956,956,,,Race/Ethnicity,Hispanic,POINT (-111.7638113 34.86597028),,4,CVD,CVD1_2,NMBR,RACE,HIS
2010,2010,HI,Hawaii,NVSS,Cardiovascular Disease,Number,567,567,,,Race/Ethnicity,"White, non-Hispanic",POINT (-157.8577494 21.30485044),,15,CVD,CVD1_2,NMBR,RACE,WHT
2010,2010,MO,Missouri,NVSS,Cardiovascular Disease,Number,3463,3463,,,Gender,Female,POINT (-92.56630005 38.63579078),,29,CVD,CVD1_4,NMBR,GENDER,GENF
2010,2010,TX,Texas,NVSS,Cardiovascular Disease,Number,2869,2869,,,Race/Ethnicity,Hispanic,POINT (-99.42677021 31.82724041),,48,CVD,CVD1_4,NMBR,RACE,HIS
